Table-22: Advances Classified by Divisions/Districts and Area(Urban/Total),,,,,,,,,,,,,,,,,,,,,,,,,,,,,,,,,,,,,,,,,,,,,,,,,,,,,,,,,,,,,,,,,,,,,,,,,,,
,,,,,,,,,,,,,,,,,,,,,,,(Amount in Crore Tk),,,,,,,,,,,,,,,,,,,,,,,,,,,,,,,,,,,,,,,,,,,,,,,,,,,(Amount in Crore Tk),
,2018Q1,,2018Q1 Total,2018Q2,,2018Q2 Total,2018Q3,,2018Q3 Total,2018Q4,,2018Q4 Total,2019Q1,,2019Q1 Total,2019Q2,,2019Q2 Total,2019Q3,,2019Q3 Total,2019Q4,,2019Q4 Total,2020Q1,,2020Q1 Total,2020Q2,,2020Q2 Total,2020Q3,,2020Q3 Total,2020Q4,,2020Q4 Total,2021Q1,,2021Q1 Total,2021Q2,,2021Q2 Total,2021Q3,,2021Q3 Total,2021Q4,,2021Q4 Total,2022Q1,,2022Q1 Total,2022Q2,,2022Q2 Total,2022Q3,,2022Q3 Total,2022Q4,,2022Q4 Total,2023Q1,,2023Q1 Total,2023Q2,,2023Q2 Total,2023Q3,,2023Q3 Total,2023Q4,,2023Q4 Total,2024Q1*,,2024Q1* Total
District,Urban,Rural,,Urban,Rural,,Urban,Rural,,Urban,Rural,,Urban,Rural,,Urban,Rural,,Urban,Rural,,Urban,Rural,,Urban,Rural,,Urban,Rural,,Urban,Rural,,Urban,Rural,,Urban,Rural,,Urban,Rural,,Urban,Rural,,Urban,Rural,,Urban,Rural,,Urban,Rural,,Urban,Rural,,Urban,Rural,,Urban,Rural,,Urban,Rural,,Urban,Rural,,Urban,Rural,,Urban,Rural,
BARISHAL DIVISION,5532.54,3385.42,8917.96,5847.16,3552.30,9399.46,5735.94,3530.56,9266.50,5970.45,3623.35,9593.80,6048.13,3769.04,9817.17,6510.65,4032.01,10542.66,6366.03,4001.56,10367.59,6794.79,4140.13,10934.92,6834.80,4228.79,11063.59,6800.99,4403.68,11204.67,7076.44,4518.71,11595.14,7573.91,4887.21,12461.12,7656.48,4972.97,12629.45,7670.84,5138.02,12808.86,8026.97,5294.65,13321.62,8423.44,5511.76,13935.20,8829.61,5704.48,14534.09,10113.92,5093.94,15207.86,10208.72,5173.43,15382.16,10904.84,5445.00,16349.84,11088.64,5622.63,16711.27,11521.14,5885.94,17407.08,11614.37,6216.04,17830.41,12122.39,6201.05,18323.44,12567.70,6328.97,18896.66
BARGUNA,463.16,410.42,873.58,482.36,430.81,913.17,475.88,430.21,906.09,488.24,380.31,868.55,518.87,436.77,955.63,602.24,485.08,1087.32,536.90,478.33,1015.23,560.73,493.66,1054.38,570.67,504.49,1075.16,558.15,528.40,1086.54,620.45,549.53,1169.99,634.28,579.89,1214.18,639.49,592.21,1231.69,642.46,621.34,1263.80,665.53,621.46,1286.99,738.91,653.60,1392.50,752.13,674.95,1427.08,843.88,655.66,1499.54,902.75,662.05,1564.80,936.93,693.81,1630.74,970.52,712.39,1682.91,988.38,742.09,1730.48,1058.37,782.07,1840.44,1085.93,778.03,1863.96,1139.92,792.80,1932.72
BARISHAL,2516.16,969.71,3485.87,2657.11,995.89,3653.00,2629.08,1003.94,3633.02,2766.61,1036.77,3803.38,2731.94,1064.78,3796.72,2933.93,1155.36,4089.29,2946.58,1142.40,4088.98,3107.17,1176.64,4283.81,3110.08,1198.07,4308.15,3110.32,1223.78,4334.09,3197.07,1248.30,4445.37,3389.13,1351.57,4740.70,3379.00,1357.79,4736.79,3430.63,1398.70,4829.32,3584.59,1452.09,5036.68,3661.26,1508.56,5169.82,3818.38,1557.84,5376.22,4437.91,1188.59,5626.50,4459.74,1259.15,5718.89,4714.77,1273.09,5987.86,4722.03,1334.67,6056.70,4888.61,1437.45,6326.05,4887.75,1504.21,6391.96,5113.30,1515.19,6628.50,5231.26,1495.88,6727.15
BHOLA,940.93,534.94,1475.87,1035.78,591.93,1627.71,1023.55,548.29,1571.85,1013.87,554.98,1568.85,1079.70,581.41,1661.11,1104.37,607.55,1711.91,1079.66,608.32,1687.98,1168.56,621.12,1789.68,1181.86,640.00,1821.86,1176.42,660.55,1836.97,1203.43,687.48,1890.91,1328.95,726.65,2055.60,1426.66,769.15,2195.81,1414.50,781.46,2195.96,1470.97,829.74,2300.71,1547.36,858.98,2406.35,1627.99,883.62,2511.61,1885.89,719.03,2604.93,1898.58,712.23,2610.81,2018.04,770.62,2788.66,2070.91,814.45,2885.37,2141.79,811.85,2953.63,2151.30,875.61,3026.91,2271.01,853.88,3124.89,2339.60,878.29,3217.89
JHALOKATHI,368.90,278.68,647.58,381.00,293.23,674.24,360.07,291.95,652.02,380.16,298.64,678.80,392.45,307.82,700.27,420.17,329.97,750.14,417.25,323.24,740.49,449.12,331.85,780.96,429.98,338.50,768.47,437.45,347.19,784.64,485.52,353.83,839.34,478.34,374.09,852.43,466.35,379.51,845.86,461.41,402.17,863.58,506.00,398.65,904.65,516.35,425.06,941.40,547.00,443.25,990.25,536.02,481.91,1017.93,520.18,483.35,1003.52,572.79,508.95,1081.74,577.69,528.38,1106.06,611.14,561.48,1172.63,611.84,590.46,1202.30,651.57,582.35,1233.92,653.45,598.98,1252.42
PATUAKHALI,877.76,664.64,1542.40,913.64,678.81,1592.45,877.98,711.77,1589.75,922.36,775.14,1697.50,932.52,793.43,1725.94,1015.41,830.87,1846.28,962.12,831.12,1793.23,1044.10,859.71,1903.81,1067.79,885.40,1953.18,1035.26,904.81,1940.07,1066.45,935.14,2001.59,1189.36,1044.55,2233.91,1200.01,1070.75,2270.75,1157.18,1098.39,2255.57,1184.00,1110.20,2294.20,1317.38,1161.49,2478.87,1396.09,1206.71,2602.80,1626.70,1097.00,2723.70,1619.09,1097.89,2716.98,1781.57,1163.18,2944.75,1835.56,1209.68,3045.24,1927.10,1259.30,3186.40,1924.88,1324.68,3249.56,1989.99,1327.02,3317.00,2133.03,1404.84,3537.87
PIROJPUR,365.62,527.04,892.66,377.27,561.63,938.90,369.38,544.39,913.77,399.21,577.51,976.72,392.66,584.83,977.49,434.53,623.18,1057.71,423.53,618.15,1041.68,465.11,657.16,1122.28,474.43,662.34,1136.76,483.39,738.96,1222.35,503.51,744.43,1247.94,553.85,810.45,1364.30,544.98,803.56,1348.54,564.67,835.96,1400.62,615.88,882.51,1498.39,642.18,904.08,1546.26,688.01,938.12,1626.13,783.51,951.75,1735.26,808.39,958.76,1767.15,880.75,1035.34,1916.09,911.92,1023.06,1934.98,964.12,1073.78,2037.89,980.23,1139.00,2119.24,1010.60,1144.58,2155.18,1070.43,1158.18,2228.62
CHATTOGRAM DIVISION,135623.29,16042.32,151665.62,142211.65,17009.46,159221.11,143646.48,17254.12,160900.59,149722.76,18471.09,168193.85,150682.10,17810.81,168492.91,156328.45,18742.53,175070.98,162143.35,18486.61,180629.96,167879.81,20463.58,188343.39,169315.97,21072.05,190388.02,173656.06,21267.19,194923.25,177266.08,20618.51,197884.60,180912.77,24347.13,205259.89,178381.16,25460.00,203841.16,184248.61,26131.24,210379.85,188761.51,26313.83,215075.34,195702.38,28398.68,224101.06,197498.74,27991.30,225490.04,207310.39,23120.17,230430.56,214946.92,22163.61,237110.53,221678.21,23085.97,244764.18,223573.56,23566.35,247139.91,229867.77,24367.83,254235.60,236780.13,25265.31,262045.44,243855.75,26307.50,270163.24,250236.28,26828.92,277065.20
BANDARBAN,185.14,96.31,281.45,175.52,96.48,272.00,171.80,101.75,273.55,192.46,108.22,300.68,188.24,109.19,297.44,198.60,115.70,314.30,183.71,117.15,300.86,201.71,128.04,329.75,205.41,132.46,337.87,203.48,136.91,340.39,217.84,140.18,358.02,229.58,152.74,382.32,251.49,161.11,412.60,256.58,171.79,428.37,276.45,171.06,447.51,283.18,183.90,467.08,307.90,197.30,505.20,276.92,257.67,534.60,270.75,248.66,519.41,290.47,278.23,568.70,313.06,288.77,601.82,308.29,279.47,587.77,322.48,306.09,628.57,344.36,298.08,642.44,366.70,305.72,672.41
BRAHMANBARIA,1170.89,1299.16,2470.05,1197.51,1339.51,2537.02,1155.09,1370.83,2525.93,1239.67,1408.33,2647.99,1211.28,1431.52,2642.80,1315.62,1508.12,2823.74,1251.54,1485.41,2736.95,1308.68,1527.70,2836.39,1269.87,1495.27,2765.14,1297.93,1547.89,2845.83,1382.53,1597.29,2979.82,1411.86,1670.39,3082.25,1419.62,1668.89,3088.51,1425.31,1753.25,3178.56,1602.38,1759.43,3361.81,1573.87,1832.09,3405.96,1575.77,1831.49,3407.27,1644.03,2045.44,3689.46,1674.09,1997.01,3671.11,1727.72,2096.61,3824.33,1750.61,2097.49,3848.10,1853.66,2207.29,4060.95,1860.40,2280.51,4140.91,1991.38,2360.10,4351.49,2005.23,2274.54,4279.78
CHANDPUR,1204.93,705.82,1910.75,1207.43,713.69,1921.12,1194.50,668.67,1863.17,1272.52,718.98,1991.50,1250.17,717.28,1967.45,1299.65,755.52,2055.17,1290.33,748.50,2038.82,1368.59,799.00,2167.58,1383.70,805.27,2188.97,1356.17,815.45,2171.62,1364.34,850.20,2214.54,1469.46,919.78,2389.24,1456.30,941.08,2397.37,1477.94,988.02,2465.96,1502.95,1044.31,2547.27,1577.37,1084.17,2661.54,1645.13,1201.33,2846.46,2322.69,605.68,2928.37,2373.92,632.95,3006.86,2506.07,637.70,3143.77,2533.44,656.26,3189.71,2617.73,681.53,3299.26,2675.81,739.55,3415.36,2760.23,705.34,3465.57,2796.37,719.37,3515.74
CHATTOGRAM,120244.76,7827.17,128071.93,126729.97,8605.42,135335.39,128330.33,8890.58,137220.91,133751.73,9693.67,143445.40,134696.24,8941.74,143637.98,139569.02,9510.58,149079.60,145910.29,9446.70,155356.98,150935.65,10861.10,161796.75,152280.20,11393.35,163673.55,156589.73,11447.37,168037.11,159948.77,10672.38,170621.15,162308.37,13789.47,176097.85,159658.52,14625.86,174284.38,165221.35,14860.25,180081.60,169143.25,14904.67,184047.92,175285.32,16282.42,191567.74,176308.82,15623.59,191932.40,185398.01,10004.83,195402.84,193058.28,9405.39,202463.67,198858.18,9947.80,208805.99,200395.43,10095.02,210490.45,206027.68,10341.77,216369.45,212707.99,10654.59,223362.59,219025.77,11473.66,230499.43,224983.99,11764.09,236748.08
COX'S BAZAR,2210.60,609.84,2820.44,2235.64,631.62,2867.25,2221.50,620.44,2841.94,2294.07,649.70,2943.77,2287.73,660.73,2948.46,2404.64,697.69,3102.32,2220.78,527.96,2748.74,2315.54,810.21,3125.75,2339.41,840.13,3179.54,2345.10,852.02,3197.12,2351.36,872.54,3223.90,2543.08,762.00,3305.09,2592.35,954.98,3547.33,2654.65,1004.65,3659.30,2697.17,1023.76,3720.93,2824.84,1283.26,4108.10,3028.30,1195.79,4224.09,2938.10,1490.80,4428.91,2821.95,1109.88,3931.83,3113.21,1129.05,4242.26,3110.36,1152.71,4263.07,3197.79,1193.13,4390.92,3129.60,1222.74,4352.35,3287.11,1364.81,4651.93,3336.54,1474.07,4810.61
CUMILLA,3808.82,2643.77,6452.58,3841.80,2711.06,6552.86,3797.51,2704.13,6501.64,3979.98,2863.90,6843.88,4018.86,2888.61,6907.47,4292.38,2981.01,7273.40,4161.89,3005.23,7167.12,4267.93,3087.43,7355.36,4287.94,3119.22,7407.16,4361.11,3152.40,7513.51,4378.56,3146.64,7525.20,4719.45,3435.11,8154.56,4751.22,3452.85,8204.08,4852.98,3585.01,8438.00,4941.98,3608.06,8550.04,5247.79,3794.36,9042.15,5373.47,3928.65,9302.12,5178.32,4629.32,9807.64,5226.58,4684.62,9911.20,5359.33,4894.43,10253.75,5442.21,5065.32,10507.53,5525.52,5367.23,10892.75,5589.79,5549.18,11138.96,5775.90,5664.33,11440.23,5820.84,5759.06,11579.89
FENI,2327.59,575.90,2903.49,2343.89,586.85,2930.74,2308.90,575.13,2884.03,2397.10,616.20,3013.30,2406.87,623.95,3030.82,2454.60,636.67,3091.28,2397.57,636.38,3033.95,2516.25,657.15,3173.40,2507.66,659.30,3166.96,2500.45,661.80,3162.25,2518.79,644.67,3163.46,2861.87,689.03,3550.90,2855.50,702.57,3558.07,2871.22,721.03,3592.25,2915.71,710.16,3625.87,3039.87,749.61,3789.48,3117.42,753.01,3870.43,3241.89,727.39,3969.28,3218.40,722.47,3940.87,3187.65,651.25,3838.90,3233.30,661.60,3894.90,3377.16,677.93,4055.09,3438.20,705.76,4143.96,3487.48,703.84,4191.32,3542.30,700.65,4242.95
KHAGRACHARI,259.41,112.73,372.14,258.69,107.78,366.47,259.61,114.48,374.09,267.64,124.61,392.25,302.72,130.36,433.08,313.23,144.92,458.14,314.01,145.11,459.12,338.74,152.59,491.33,351.18,159.03,510.21,336.70,165.08,501.78,346.95,171.34,518.29,380.94,181.78,562.72,421.40,189.69,611.09,420.24,202.52,622.76,446.02,201.97,647.99,473.28,213.74,687.03,528.96,225.18,754.14,403.16,368.82,771.98,412.97,384.21,797.18,448.43,412.83,861.26,475.43,429.46,904.89,480.23,444.00,924.23,500.04,464.32,964.36,527.18,460.54,987.72,533.84,467.60,1001.43
LAKSHMIPUR,1044.07,747.13,1791.20,1064.37,746.90,1811.27,1042.50,740.63,1783.14,1074.66,736.30,1810.95,1081.59,733.54,1815.14,1129.63,778.51,1908.14,1110.42,772.14,1882.56,1186.50,790.06,1976.56,1191.04,793.83,1984.87,1188.39,809.19,1997.58,1251.69,838.34,2090.03,1253.46,882.61,2136.07,1248.99,877.44,2126.43,1276.44,903.75,2180.19,1358.90,931.79,2290.70,1349.14,943.05,2292.19,1375.97,952.82,2328.79,1432.35,1008.38,2440.74,1445.87,996.63,2442.50,1488.42,1056.60,2545.02,1508.16,1082.01,2590.17,1553.81,1101.54,2655.35,1566.46,1167.72,2734.18,1565.62,1127.72,2693.34,1623.50,1157.73,2781.24
NOAKHALI,2878.63,1288.57,4167.20,2864.32,1326.43,4190.75,2863.61,1319.53,4183.14,2930.15,1385.41,4315.56,2916.70,1405.04,4321.74,2993.99,1429.57,4423.56,2959.74,1415.36,4375.10,3061.55,1462.79,4524.34,3115.25,1478.60,4593.86,3112.97,1478.63,4591.60,3132.97,1479.82,4612.79,3306.18,1646.99,4953.17,3287.90,1659.84,4947.74,3364.75,1700.55,5065.30,3420.18,1713.95,5134.14,3576.17,1772.87,5349.04,3712.08,1809.91,5521.98,4064.25,1593.66,5657.90,4027.44,1586.42,5613.86,4237.83,1556.21,5794.03,4318.77,1593.25,5912.02,4449.10,1632.80,6081.90,4487.71,1709.61,6197.32,4554.28,1694.80,6249.08,4681.05,1745.31,6426.35
RANGAMATI,288.45,135.92,424.38,292.53,143.72,436.25,301.10,147.94,449.05,322.79,165.78,488.57,321.69,168.84,490.53,357.09,184.23,541.32,343.07,186.68,529.75,378.67,187.51,566.18,384.31,195.58,579.90,364.02,200.44,564.45,372.28,205.12,577.40,428.53,217.20,645.73,437.86,225.69,663.56,427.15,240.40,667.55,456.51,244.66,701.17,471.53,259.19,730.72,524.92,272.23,797.16,410.68,388.17,798.85,416.67,395.37,812.04,460.90,425.25,886.16,492.79,444.47,937.26,476.80,441.13,917.93,501.65,465.23,966.88,536.43,454.27,990.69,545.93,460.78,1006.71
DHAKA DIVISION,510002.01,34150.86,544152.87,531485.46,36097.02,567582.48,540593.07,38520.92,579113.99,569407.44,41015.53,610422.97,588418.19,41534.73,629952.92,602250.98,42215.84,644466.82,608442.48,42020.92,650463.40,634920.69,44473.26,679393.95,647888.89,46648.26,694537.14,668464.58,47232.84,715697.42,675131.89,48708.49,723840.38,691392.58,50491.41,741883.99,705963.26,53602.19,759565.45,721580.23,52790.97,774371.19,731827.29,54407.84,786235.13,759462.84,58237.02,817699.87,779035.23,61102.98,840138.21,853970.47,31239.58,885210.05,877646.11,31567.65,909213.76,912225.05,33410.24,945635.28,924205.94,33858.16,958064.10,945627.08,35366.63,980993.71,960517.74,36390.57,996908.30,1008557.43,37494.08,1046051.51,1023685.90,37769.76,1061455.67
DHAKA,483479.04,18713.45,502192.49,504189.52,20083.36,524272.87,513474.14,22486.35,535960.50,541084.79,24168.26,565253.05,559671.21,24671.99,584343.20,572391.40,24609.24,597000.64,578686.87,24582.28,603269.15,603975.17,26130.97,630106.14,616866.20,27992.45,644858.65,637186.35,28345.12,665531.47,642327.91,29525.14,671853.04,657269.85,29950.81,687220.65,672173.09,32851.43,705024.52,687077.28,31365.01,718442.29,697160.86,32116.94,729277.80,723432.07,35169.97,758602.03,742996.66,37421.95,780418.61,812030.11,10297.81,822327.92,835053.31,10528.92,845582.23,868125.07,11035.22,879160.28,879786.82,11139.26,890926.08,899664.75,11503.94,911168.70,912963.14,11712.82,924675.97,957363.18,12136.86,969500.05,971548.75,12090.30,983639.05
FARIDPUR,2534.54,713.69,3248.23,2536.50,705.00,3241.50,2588.27,705.87,3294.14,2732.36,748.36,3480.72,2779.01,745.93,3524.94,2928.21,807.17,3735.39,2884.30,770.53,3654.83,3053.23,797.54,3850.78,3069.18,807.97,3877.15,3041.61,821.17,3862.78,3141.89,827.54,3969.43,3306.63,869.30,4175.93,3224.62,882.31,4106.93,3225.95,912.89,4138.84,3290.96,931.75,4222.70,3507.94,986.08,4494.02,3622.98,1034.04,4657.02,3494.28,1283.59,4777.87,3596.02,1283.92,4879.94,3709.46,1405.61,5115.07,3791.28,1437.00,5228.28,3874.18,1451.25,5325.43,4000.16,1537.07,5537.24,4191.83,1564.50,5756.33,4227.74,1582.72,5810.45
GAZIPUR,3632.76,4007.02,7639.78,3579.77,4150.45,7730.23,3542.14,4205.87,7748.02,3671.99,4429.61,8101.59,3718.59,4539.13,8257.73,3933.10,4752.57,8685.67,3890.49,4777.40,8667.89,3976.51,4977.89,8954.40,4000.80,5056.18,9056.98,4054.18,5100.48,9154.66,4158.97,5220.08,9379.05,4336.28,5540.02,9876.30,4322.23,5646.00,9968.23,4407.07,5875.88,10282.95,4417.76,5978.05,10395.80,4702.93,6274.91,10977.84,4821.97,6493.17,11315.14,8899.13,3357.57,12256.69,9051.33,3401.91,12453.24,9438.17,3586.89,13025.06,9767.18,3674.48,13441.66,10217.41,3878.17,14095.58,10408.05,3985.12,14393.17,10794.88,4057.69,14852.57,11228.97,4276.67,15505.64
GOPALGANJ,623.73,364.56,988.29,676.17,387.54,1063.71,657.74,392.33,1050.07,749.45,436.27,1185.72,777.01,452.32,1229.33,878.81,516.74,1395.55,813.06,487.14,1300.21,925.73,524.02,1449.75,928.26,545.15,1473.41,910.33,560.20,1470.54,933.93,574.36,1508.28,1026.27,613.06,1639.33,1041.14,632.14,1673.28,1106.77,671.03,1777.79,1086.27,797.28,1883.55,1193.68,707.76,1901.44,1285.18,743.87,2029.04,1420.82,760.39,2181.21,1460.65,781.46,2242.12,1583.26,842.34,2425.60,1637.64,889.97,2527.61,1704.42,943.38,2647.81,1753.38,1010.07,2763.46,1852.15,1022.29,2874.44,1947.84,1056.92,3004.77
KISHOREGANJ,1496.63,853.84,2350.47,1515.81,888.75,2404.56,1470.64,892.34,2362.98,1562.22,925.00,2487.22,1546.10,975.16,2521.26,1636.08,1024.75,2660.83,1580.11,987.48,2567.59,1716.50,1047.73,2764.24,1646.06,1060.00,2706.05,1632.61,1083.97,2716.58,1679.24,1125.26,2804.51,1824.28,1223.24,3047.52,1805.40,1244.56,3049.96,1869.08,1313.08,3182.17,2005.76,1323.52,3329.28,2063.23,1399.22,3462.45,2156.72,1448.02,3604.74,2080.76,1777.82,3858.59,2100.82,1780.10,3880.92,2242.03,1908.82,4150.85,2224.19,1933.41,4157.60,2404.34,2050.27,4454.60,2387.47,2117.38,4504.84,2634.89,2164.44,4799.33,2568.71,2151.01,4719.73
MADARIPUR,720.80,542.51,1263.31,755.80,577.48,1333.28,698.85,564.18,1263.03,821.68,575.39,1397.07,797.97,571.13,1369.10,851.62,604.69,1456.31,789.92,590.20,1380.13,861.15,613.71,1474.86,930.80,633.24,1564.04,864.33,640.84,1505.16,957.00,662.72,1619.72,946.43,682.85,1629.28,939.41,690.47,1629.87,968.73,721.13,1689.86,958.74,725.61,1684.34,1082.94,756.65,1839.60,1114.72,768.70,1883.42,1174.55,803.03,1977.58,1221.24,793.65,2014.89,1288.57,838.81,2127.38,1325.52,844.80,2170.33,1348.20,897.63,2245.82,1378.96,913.88,2292.84,1469.74,955.67,2425.41,1478.47,959.76,2438.23
MANIKGANJ,640.30,504.83,1145.13,679.95,517.29,1197.23,667.25,503.65,1170.90,706.91,542.48,1249.39,707.79,557.70,1265.48,766.43,619.79,1386.22,742.61,587.70,1330.32,762.89,577.06,1339.95,767.32,587.74,1355.06,781.33,617.36,1398.69,779.51,638.16,1417.67,810.72,655.13,1465.84,835.17,670.84,1506.01,871.22,699.57,1570.79,868.71,698.62,1567.33,925.06,736.26,1661.32,1002.09,758.82,1760.90,820.37,1028.18,1848.55,823.53,1024.67,1848.20,865.90,1062.51,1928.41,916.70,1090.74,2007.45,967.09,1173.96,2141.05,967.87,1214.59,2182.46,1001.01,1243.43,2244.44,1034.23,1245.53,2279.76
MUNSHIGANJ,554.25,1197.56,1751.81,573.08,1205.60,1778.69,558.37,1173.57,1731.94,576.59,1189.17,1765.75,598.30,1209.59,1807.89,632.47,1241.32,1873.78,624.82,1219.82,1844.63,624.24,1284.58,1908.83,624.19,1296.34,1920.52,623.82,1291.81,1915.63,628.39,1301.17,1929.56,633.96,1526.25,2160.21,604.29,1502.33,2106.61,641.54,1449.25,2090.79,746.36,1784.30,2530.67,671.99,1514.65,2186.63,651.94,1543.07,2195.01,746.14,1641.38,2387.52,735.18,1637.03,2372.20,756.35,1717.59,2473.95,768.19,1725.07,2493.26,793.75,1844.17,2637.92,801.37,1867.07,2668.44,807.75,1914.90,2722.65,804.46,1955.02,2759.48
NARAYANGANJ,10160.78,2943.40,13104.18,10748.38,3042.42,13790.80,10818.91,3067.21,13886.11,10949.41,3252.11,14201.52,11105.89,3232.66,14338.55,11441.53,3300.70,14742.23,11836.85,3322.83,15159.68,12042.67,3528.76,15571.43,12000.51,3596.83,15597.35,12401.53,3621.36,16022.89,13385.10,3691.01,17076.11,13637.70,3903.41,17541.12,13475.84,3932.07,17407.91,13779.35,4017.87,17797.21,13634.58,4153.83,17788.41,13819.93,4431.33,18251.26,12912.26,4462.39,17374.65,13372.73,4590.29,17963.03,13478.39,4577.71,18056.10,13533.97,4914.96,18448.93,13159.40,4919.54,18078.94,13380.14,5126.15,18506.29,14395.90,5301.51,19697.41,16543.87,5481.68,22025.55,17038.93,5476.81,22515.74
NARSHINGDI,3018.67,2220.77,5239.44,3054.65,2280.76,5335.41,3144.29,2305.20,5449.50,3308.75,2345.18,5653.93,3414.53,2147.00,5561.53,3294.54,2196.18,5490.72,3284.44,2161.14,5445.58,3520.73,2350.33,5871.07,3577.67,2406.06,5983.73,3451.79,2414.67,5866.45,3515.35,2318.68,5834.03,3715.00,2484.62,6199.61,3634.82,2464.83,6099.65,3633.88,2539.06,6172.94,3631.77,2599.13,6230.90,3811.13,2764.52,6575.65,3837.99,2823.85,6661.84,4790.86,2142.74,6933.60,4937.56,2147.15,7084.71,5310.91,2250.08,7560.99,5339.39,2274.19,7613.58,5385.58,2377.99,7763.57,5494.48,2445.18,7939.66,5726.00,2512.75,8238.75,5429.04,2523.36,7952.39
RAJBARI,603.53,355.65,959.18,621.10,347.83,968.93,614.28,354.81,969.09,648.27,381.13,1029.39,654.29,385.24,1039.52,678.07,402.91,1080.99,670.66,400.28,1070.94,703.25,411.19,1114.45,714.75,409.69,1124.44,719.77,427.27,1147.04,777.75,435.93,1213.67,830.42,455.62,1286.04,838.05,464.79,1302.84,872.61,483.37,1355.98,899.05,488.19,1387.24,942.92,521.90,1464.81,993.60,516.69,1510.29,1090.19,486.87,1577.07,1132.91,489.78,1622.69,1194.08,526.55,1720.62,1236.54,541.48,1778.02,1282.28,559.38,1841.66,1316.39,584.52,1900.91,1379.36,620.75,2000.11,1417.07,581.38,1998.45
SHARIATPUR,453.29,416.91,870.21,462.15,473.89,936.04,437.83,470.53,908.36,471.49,502.34,973.83,485.13,506.39,991.51,486.55,537.89,1024.45,469.22,528.28,997.50,503.47,551.85,1055.33,495.64,550.37,1046.00,489.68,555.01,1044.69,542.31,592.15,1134.47,555.30,617.55,1172.85,571.92,634.15,1206.07,597.25,647.71,1244.96,625.70,675.64,1301.34,660.21,682.84,1343.05,686.24,715.28,1401.52,557.02,910.53,1467.56,572.60,971.52,1544.12,621.83,997.50,1619.33,645.66,1036.83,1682.49,674.82,1077.72,1752.54,677.19,1123.62,1800.82,727.01,1173.78,1900.79,755.40,1193.65,1949.05
TANGAIL,2083.70,1316.67,3400.37,2092.58,1436.65,3529.23,1920.35,1399.01,3319.36,2123.54,1520.24,3643.78,2162.38,1540.51,3702.89,2332.18,1601.88,3934.06,2169.12,1605.84,3774.96,2255.12,1677.62,3932.74,2267.52,1706.23,3973.76,2307.24,1753.59,4060.84,2304.55,1796.30,4100.84,2499.74,1969.56,4469.30,2497.30,1986.27,4483.57,2529.50,2095.12,4624.61,2500.78,2134.98,4635.77,2648.83,2290.93,4939.76,2952.89,2373.13,5326.02,3493.49,2159.36,5652.85,3482.55,2149.83,5632.39,3555.43,2323.38,5878.81,3607.42,2351.38,5958.80,3930.13,2482.62,6412.75,3973.36,2577.73,6551.09,4065.75,2645.35,6711.10,4206.29,2676.65,6882.93
KHULNA DIVISION,25308.03,8116.31,33424.33,25993.88,8486.44,34480.32,25873.08,8495.58,34368.66,26807.65,8866.50,35674.15,27156.24,8928.96,36085.20,28220.00,9618.16,37838.17,28358.14,9542.89,37901.03,29375.53,9861.96,39237.48,29352.95,10101.04,39453.99,29673.94,10230.22,39904.16,29933.37,10658.46,40591.82,31048.94,11264.84,42313.77,31277.34,10996.76,42274.09,31855.85,11541.54,43397.38,32787.88,11692.28,44480.16,34931.17,12390.22,47321.39,35895.67,12718.94,48614.61,39115.39,12252.51,51367.90,40145.25,12634.18,52779.43,41768.36,13251.38,55019.74,41982.62,13371.35,55353.97,43332.92,13989.34,57322.25,43610.38,14271.14,57881.52,45702.42,14765.01,60467.43,45870.20,14844.12,60714.32
BAGERHAT,549.14,767.80,1316.93,581.95,805.97,1387.92,562.39,826.88,1389.27,597.10,871.74,1468.85,586.52,869.55,1456.07,731.90,962.65,1694.56,631.02,939.48,1570.51,676.04,967.30,1643.34,643.02,1145.50,1788.51,684.13,1003.81,1687.94,708.68,1070.47,1779.15,755.09,1141.69,1896.78,755.43,1126.43,1881.86,769.73,1190.94,1960.67,819.52,1226.98,2046.50,865.85,1271.88,2137.73,893.02,1310.71,2203.73,1182.93,1219.96,2402.89,1190.06,1277.64,2467.71,1256.77,1288.58,2545.36,1282.33,1322.44,2604.77,1355.75,1436.49,2792.24,1375.30,1489.67,2864.96,1450.23,1500.79,2951.01,1467.73,1504.75,2972.49
CHUADANGA,1077.17,362.49,1439.65,1131.31,430.33,1561.64,1114.92,447.59,1562.51,1154.54,457.18,1611.71,1117.79,432.10,1549.89,1242.48,495.99,1738.46,1188.47,462.05,1650.52,1251.03,487.89,1738.92,1225.93,472.31,1698.24,1263.55,535.60,1799.15,1392.51,584.41,1976.91,1411.12,593.66,2004.78,1165.80,559.84,1725.64,1421.57,630.11,2051.68,1505.91,629.64,2135.56,1540.38,632.14,2172.52,1610.95,652.49,2263.44,1372.12,1135.27,2507.39,1383.05,1136.52,2519.57,1450.63,1243.43,2694.06,1494.38,1239.93,2734.30,1613.74,1347.58,2961.32,1597.55,1357.54,2955.08,1692.37,1387.33,3079.71,1630.67,1387.13,3017.80
JASHORE,4786.94,1527.10,6314.04,4969.22,1534.14,6503.36,4883.09,1533.31,6416.40,5120.53,1595.93,6716.45,5269.75,1585.07,6854.81,5279.34,1688.07,6967.40,5231.43,1711.65,6943.08,5444.18,1783.83,7228.01,5461.90,1811.26,7273.16,5492.04,1819.29,7311.33,5436.65,1874.82,7311.47,5779.16,2009.36,7788.52,5923.84,1984.06,7907.90,5588.38,2045.83,7634.21,5738.62,2070.07,7808.69,6411.88,2177.87,8589.75,6823.96,2232.21,9056.18,7505.59,1979.40,9484.98,7809.67,2266.65,10076.33,7964.26,2120.59,10084.85,7913.70,2131.59,10045.28,7987.12,2217.57,10204.69,7990.87,2288.07,10278.94,8373.55,2337.10,10710.64,8237.52,2318.16,10555.68
JHENAIDAH,1499.51,540.34,2039.86,1543.36,565.38,2108.74,1516.68,560.24,2076.92,1647.92,588.72,2236.63,1651.74,599.77,2251.51,1735.89,627.30,2363.18,1776.20,636.74,2412.94,1822.38,647.34,2469.71,1815.62,656.41,2472.02,1868.51,700.04,2568.54,1902.37,738.66,2641.03,2009.02,774.65,2783.67,2002.38,762.54,2764.91,2064.42,796.41,2860.83,2073.20,839.29,2912.49,2211.68,876.69,3088.37,2267.99,946.75,3214.74,2609.03,779.53,3388.56,2589.88,870.67,3460.55,2812.95,954.29,3767.24,2846.08,958.45,3804.53,2952.95,903.89,3856.84,2962.90,901.97,3864.87,3227.98,971.30,4199.29,3214.07,1042.81,4256.87
KHULNA,11429.32,2424.92,13854.24,11672.60,2521.66,14194.25,11762.14,2525.37,14287.51,11938.09,2602.81,14540.89,12219.25,2644.65,14863.90,12346.66,2779.19,15125.85,12912.07,2743.20,15655.27,13193.35,2785.11,15978.46,13251.40,2807.09,16058.49,13149.47,2795.27,15944.75,13415.40,2872.30,16287.70,13750.02,3002.15,16752.17,14174.93,3023.20,17198.13,14411.49,3093.61,17505.10,14535.72,3092.74,17628.46,15144.56,3214.02,18358.57,15317.44,3255.06,18572.49,17782.37,1627.13,19409.50,18125.16,1625.63,19750.79,18320.02,1740.50,20060.52,18370.61,1758.48,20129.09,18758.00,1855.00,20613.00,19082.22,1914.34,20996.56,19582.29,1973.38,21555.67,19553.81,1971.16,21524.97
KUSHTIA,3446.45,1093.15,4539.60,3477.35,1140.43,4617.78,3462.43,1133.14,4595.57,3638.07,1200.38,4838.44,3581.25,1214.40,4795.65,3821.97,1316.30,5138.27,3818.38,1311.25,5129.63,3986.29,1375.59,5361.89,3942.42,1346.13,5288.56,4218.68,1431.01,5649.69,3997.27,1465.94,5463.22,4058.09,1565.53,5623.62,3894.36,1341.46,5235.82,4179.88,1466.84,5646.72,4574.15,1481.23,6055.38,4998.80,1754.51,6753.32,5005.20,1753.13,6758.32,5405.05,1826.00,7231.05,5730.06,1811.01,7541.07,6379.57,2003.57,8383.14,6432.97,2011.59,8444.56,6944.52,2096.38,9040.89,6824.87,2094.65,8919.52,7387.07,2198.80,9585.87,7652.59,2203.12,9855.71
MAGURA,436.56,276.70,713.27,437.35,288.32,725.67,428.34,312.44,740.78,446.20,325.60,771.81,441.74,336.29,778.03,475.11,374.59,849.71,478.74,372.79,851.53,508.21,391.35,899.56,517.25,402.30,919.55,536.81,426.34,963.14,535.59,459.14,994.73,577.14,469.75,1046.89,609.92,476.51,1086.43,618.19,505.10,1123.29,618.76,505.64,1124.40,666.71,528.11,1194.82,740.30,546.48,1286.77,672.39,685.53,1357.91,682.64,682.04,1364.68,729.47,741.19,1470.66,753.91,750.44,1504.35,780.81,784.63,1565.44,799.12,827.26,1626.38,830.80,838.76,1669.57,859.80,844.07,1703.87
MEHERPUR,315.52,220.33,535.85,333.58,252.45,586.03,332.56,232.49,565.05,349.13,247.12,596.25,356.83,247.03,603.86,369.35,268.96,638.30,329.10,264.00,593.11,382.89,273.43,656.32,364.95,281.29,646.24,323.59,296.82,620.41,336.87,306.85,643.71,375.51,322.46,697.97,389.90,332.92,722.81,388.42,350.50,738.92,411.07,351.26,762.34,472.34,372.49,844.83,535.40,393.56,928.96,429.07,530.24,959.31,475.44,494.04,969.48,549.96,539.56,1089.52,565.97,554.45,1120.42,539.47,571.68,1111.16,547.06,590.82,1137.88,599.69,625.18,1224.87,603.71,630.94,1234.65
NARAIL,401.26,142.21,543.47,414.76,162.77,577.53,401.55,149.23,550.78,415.54,151.52,567.06,424.62,159.05,583.67,475.63,181.84,657.47,436.89,179.55,616.43,465.44,184.77,650.21,480.65,190.95,671.59,484.31,196.96,681.27,485.56,204.73,690.28,524.76,208.32,733.07,548.46,213.63,762.10,548.95,220.08,769.03,590.14,227.23,817.38,639.56,234.26,873.82,682.23,244.36,926.59,445.01,558.02,1003.03,455.41,561.86,1017.27,501.19,601.74,1102.93,510.33,612.53,1122.86,530.38,650.35,1180.74,544.86,667.53,1212.39,586.49,712.42,1298.92,635.98,717.79,1353.77
SATKHIRA,1366.17,761.27,2127.44,1432.40,784.98,2217.39,1408.99,774.89,2183.88,1500.54,825.50,2326.04,1506.76,841.05,2347.80,1741.68,923.27,2664.95,1555.83,922.18,2478.01,1645.72,965.35,2611.06,1649.82,987.80,2637.62,1652.85,1025.09,2677.94,1722.47,1081.15,2803.62,1809.04,1177.26,2986.30,1812.33,1176.17,2988.50,1864.82,1242.11,3106.93,1920.78,1268.20,3188.98,1979.40,1328.26,3307.66,2019.19,1384.20,3403.39,1711.83,1911.44,3623.27,1703.88,1908.12,3611.99,1803.54,2017.92,3821.46,1812.34,2031.46,3843.79,1870.17,2125.78,3995.95,1885.63,2139.29,4024.93,1971.94,2219.94,4191.88,2014.32,2224.18,4238.50
MYMENSINGH DIVISION,7005.02,4743.48,11748.51,7282.06,4989.51,12271.57,7308.73,5138.88,12447.60,7512.07,5321.04,12833.12,7549.17,5368.67,12917.84,7915.84,5555.70,13471.54,7692.99,5448.17,13141.16,8062.27,5606.80,13669.07,7957.80,5637.46,13595.26,7912.28,5730.56,13642.84,8205.83,5881.47,14087.30,8754.79,6215.35,14970.13,8667.16,6356.96,15024.11,8990.39,6555.87,15546.25,9208.90,6648.18,15857.08,9726.21,6900.35,16626.56,9989.97,7032.89,17022.86,10761.68,7082.62,17844.30,10754.31,7143.06,17897.37,11339.12,7511.06,18850.18,11541.36,7570.21,19111.57,12055.19,7873.71,19928.90,12351.47,8226.44,20577.91,12610.45,8340.55,20950.99,12684.04,8397.04,21081.09
JAMALPUR,1421.70,1222.06,2643.76,1472.09,1197.31,2669.41,1421.26,1304.69,2725.95,1493.87,1312.45,2806.31,1476.13,1306.17,2782.30,1546.73,1334.06,2880.79,1500.37,1309.78,2810.15,1579.85,1347.57,2927.42,1566.69,1353.66,2920.34,1544.32,1356.25,2900.56,1607.51,1406.46,3013.97,1678.80,1476.79,3155.59,1669.30,1501.10,3170.40,1723.67,1541.56,3265.23,1760.39,1561.96,3322.34,1876.37,1597.08,3473.45,1929.36,1631.34,3560.70,1766.16,1956.58,3722.74,1761.67,1941.97,3703.64,1867.60,2063.60,3931.20,1915.03,2074.97,3990.00,2038.18,2143.14,4181.32,2145.22,2256.65,4401.86,2171.04,2269.84,4440.88,2157.58,2323.43,4481.01
MYMENSINGH,3380.08,2452.56,5832.64,3506.23,2581.71,6087.95,3601.90,2627.40,6229.31,3648.32,2736.40,6384.72,3679.89,2750.67,6430.56,3815.49,2826.72,6642.20,3750.54,2814.61,6565.15,3985.16,2897.14,6882.30,3903.00,2907.98,6810.97,3894.16,2960.09,6854.26,4027.40,3012.98,7040.37,4397.47,3183.68,7581.15,4334.59,3273.82,7608.41,4461.50,3391.57,7853.07,4616.26,3415.44,8031.70,4874.90,3581.31,8456.22,4993.33,3617.34,8610.67,6333.23,2678.22,9011.45,6358.83,2689.35,9048.18,6725.55,2801.08,9526.63,6855.79,2811.23,9667.01,7115.78,2930.68,10046.46,7235.77,3046.24,10282.01,7363.18,3057.85,10421.03,7490.84,3102.03,10592.87
NETROKONA,921.08,583.75,1504.83,990.14,569.03,1559.17,972.35,568.15,1540.51,997.59,603.79,1601.38,1045.77,634.27,1680.04,1127.62,700.32,1827.93,1071.07,630.79,1701.86,1089.51,659.96,1749.47,1088.87,667.95,1756.82,1076.24,690.27,1766.51,1102.85,727.92,1830.77,1163.09,776.78,1939.86,1183.74,790.76,1974.50,1240.20,810.48,2050.68,1251.34,857.05,2108.39,1349.67,872.91,2222.58,1413.37,910.93,2324.30,1166.88,1293.37,2460.25,1186.44,1344.90,2531.34,1215.65,1395.63,2611.28,1245.85,1415.48,2661.33,1294.47,1485.58,2780.05,1345.66,1576.05,2921.70,1427.98,1660.80,3088.79,1400.85,1597.22,2998.07
SHERPUR,1282.17,485.11,1767.28,1313.60,641.45,1955.05,1313.21,638.63,1951.84,1372.30,668.40,2040.70,1347.38,677.56,2024.94,1426.01,694.60,2120.61,1371.01,692.99,2064.00,1407.75,702.13,2109.88,1399.25,707.87,2107.12,1397.57,723.95,2121.51,1468.08,734.12,2202.19,1515.43,778.10,2293.53,1479.52,791.28,2270.80,1565.02,812.25,2377.27,1580.92,813.73,2394.65,1625.27,849.05,2474.32,1653.92,873.28,2527.20,1495.42,1154.44,2649.86,1447.36,1166.84,2614.21,1530.33,1250.74,2781.07,1524.69,1268.53,2793.22,1606.76,1314.31,2921.07,1624.83,1347.50,2972.33,1648.25,1352.06,3000.30,1634.77,1374.36,3009.13
RAJSHAHI DIVISION,25009.15,6683.00,31692.16,26161.51,6916.49,33078.00,25880.42,6841.33,32721.75,27038.00,7185.12,34223.12,27328.75,7202.52,34531.28,28388.69,7611.73,36000.42,27845.81,7479.64,35325.45,29243.47,8338.78,37582.26,29165.82,8730.36,37896.18,29758.77,8733.32,38492.09,30523.66,8509.16,39032.82,31818.35,9288.71,41107.07,32095.95,8348.19,40444.14,33081.92,9170.23,42252.15,33113.79,9121.40,42235.20,36870.36,9796.05,46666.42,35988.15,10019.79,46007.94,40320.88,9773.57,50094.45,42471.73,9743.62,52215.35,44992.44,10470.33,55462.77,46164.87,10559.25,56724.12,50022.73,10954.22,60976.96,50458.22,10862.57,61320.79,51950.03,11310.72,63260.75,52205.80,11187.63,63393.43
BOGURA,6483.10,1074.78,7557.88,6724.39,1147.52,7871.90,6735.10,1124.35,7859.45,6984.88,1205.20,8190.08,6961.13,1171.58,8132.70,7300.42,1204.91,8505.33,7184.97,1199.12,8384.09,7637.82,1215.02,8852.84,7673.69,1231.64,8905.33,7718.82,1263.92,8982.74,7752.09,1275.09,9027.18,8181.37,1355.03,9536.40,8347.09,1351.30,9698.39,8518.65,1449.32,9967.97,8418.04,1441.49,9859.53,8857.31,1554.76,10412.06,9282.53,1614.25,10896.79,9510.84,2038.03,11548.88,9774.08,2039.49,11813.57,10016.08,2178.36,12194.44,10032.81,2219.00,12251.81,10416.51,2310.17,12726.68,10262.87,2259.18,12522.05,10679.47,2348.93,13028.40,10646.00,2330.09,12976.09
CHAPAINAWABGANJ,3031.48,284.69,3316.18,3112.37,299.12,3411.49,3098.42,292.27,3390.69,3250.75,317.35,3568.11,3307.48,326.31,3633.79,3377.92,352.09,3730.01,3309.08,336.35,3645.44,3467.65,362.58,3830.23,3496.38,361.93,3858.31,3656.02,383.46,4039.47,3705.41,490.95,4196.36,3823.65,421.87,4245.52,3771.28,432.72,4204.00,4041.61,450.32,4491.93,3986.47,440.75,4427.23,4166.69,472.93,4639.61,4191.79,500.27,4692.06,4517.93,494.39,5012.32,4437.78,487.35,4925.13,4680.40,535.98,5216.38,4675.39,553.29,5228.68,4910.90,575.71,5486.61,4997.26,563.41,5560.67,5059.31,580.32,5639.63,5183.14,580.19,5763.32
JAYPURHAT,1300.78,220.38,1521.16,1383.55,227.30,1610.85,1308.07,227.57,1535.64,1378.94,242.23,1621.17,1348.36,239.77,1588.13,1481.97,259.16,1741.13,1391.52,253.53,1645.05,1465.67,265.77,1731.45,1426.28,257.64,1683.91,1468.27,276.10,1744.37,1475.37,279.57,1754.93,1560.55,288.23,1848.77,1514.49,286.57,1801.06,1630.75,305.74,1936.49,1586.87,302.88,1889.75,1718.43,329.59,2048.02,1684.24,325.23,2009.46,1762.54,396.73,2159.28,1752.13,389.18,2141.31,1890.15,415.91,2306.06,1892.88,414.59,2307.47,2022.18,435.75,2457.93,1961.39,430.49,2391.88,2039.56,449.38,2488.94,1916.33,437.29,2353.62
NAOGAON,1996.20,1384.23,3380.43,2183.12,1473.38,3656.51,2082.12,1450.85,3532.97,2220.44,1475.50,3695.93,2168.37,1513.95,3682.32,2284.32,1639.44,3923.75,2206.16,1556.37,3762.54,2233.80,1666.19,3899.99,2089.80,1630.18,3719.98,2205.76,1678.18,3883.94,2220.21,1760.97,3981.18,2358.83,1816.15,4174.98,2435.55,1799.41,4234.97,2527.77,1913.60,4441.37,2492.21,1857.50,4349.72,2660.04,1982.58,4642.62,2604.95,1987.05,4591.99,2753.08,2239.09,4992.17,2721.23,2192.53,4913.76,2738.10,2387.24,5125.34,2657.25,2360.79,5018.04,2785.78,2477.79,5263.57,2889.45,2477.29,5366.74,2918.83,2562.17,5481.00,2867.09,2488.30,5355.38
NATORE,1334.87,524.55,1859.41,1392.83,549.89,1942.72,1342.25,554.77,1897.02,1431.29,596.66,2027.95,1428.21,582.23,2010.44,1540.16,637.83,2177.99,1485.01,639.12,2124.13,1596.08,667.28,2263.37,1604.11,662.35,2266.46,1634.76,675.47,2310.23,1696.88,720.45,2417.33,1775.17,761.03,2536.19,1767.16,764.01,2531.17,1871.51,786.91,2658.42,1863.20,800.84,2664.03,1989.98,847.29,2837.27,2038.36,834.13,2872.49,2204.54,908.41,3112.94,2164.08,913.43,3077.50,2335.53,974.15,3309.67,2350.06,980.86,3330.92,2382.21,1006.24,3388.45,2437.44,1017.28,3454.72,2516.87,1056.63,3573.50,2502.67,1049.18,3551.85
PABNA,2791.70,1446.40,4238.10,3062.96,1439.60,4502.56,3068.43,1425.15,4493.58,3241.86,1522.22,4764.08,3322.91,1527.62,4850.53,3380.95,1574.74,4955.68,3369.93,1579.07,4949.00,3578.61,2123.53,5702.15,3566.51,2415.06,5981.57,3562.31,2353.79,5916.09,3724.73,1855.18,5579.90,3937.57,2418.32,6355.89,3927.89,1487.15,5415.04,4031.36,1987.26,6018.62,4068.55,1995.80,6064.35,4273.22,2134.50,6407.72,4406.68,2221.04,6627.71,5710.83,1212.49,6923.32,6119.00,1241.57,7360.57,6878.19,1343.57,8221.76,7018.23,1372.85,8391.08,7287.65,1424.26,8711.92,7405.15,1429.68,8834.82,7654.61,1503.12,9157.73,7657.47,1490.71,9148.19
RAJSHAHI,6506.57,749.33,7255.90,6748.45,793.89,7542.34,6711.58,773.97,7485.55,6912.78,804.03,7716.81,7155.88,809.45,7965.33,7334.01,864.28,8198.30,7251.35,840.85,8092.20,7486.74,880.87,8367.61,7551.46,883.93,8435.39,7738.20,923.94,8662.13,8175.58,917.08,9092.66,8239.18,941.68,9180.85,8374.73,946.85,9321.58,8523.76,965.38,9489.13,8786.18,985.35,9771.53,11124.75,1033.74,12158.49,9661.49,1062.50,10723.99,11271.49,1363.33,12634.82,12933.64,1365.63,14299.27,13757.87,1434.49,15192.37,14731.63,1446.02,16177.64,17351.37,1468.55,18819.92,17665.48,1456.55,19122.03,18110.06,1505.28,19615.34,18461.17,1504.60,19965.77
SIRAJGANJ,1564.44,998.65,2563.10,1553.84,985.79,2539.63,1534.46,992.40,2526.85,1617.07,1021.92,2638.99,1636.42,1031.61,2668.03,1688.96,1079.28,2768.24,1647.80,1075.21,2723.01,1777.10,1157.53,2934.63,1757.60,1287.63,3045.23,1774.64,1178.47,2953.11,1773.40,1209.88,2983.28,1942.05,1286.41,3228.46,1957.76,1280.19,3237.95,1936.50,1311.72,3248.22,1912.27,1296.79,3209.06,2079.95,1440.66,3520.61,2118.12,1475.33,3593.44,2589.63,1121.10,3710.72,2569.79,1114.45,3684.24,2696.12,1200.63,3896.74,2806.64,1211.85,4018.49,2866.13,1255.75,4121.88,2839.19,1228.68,4067.87,2971.31,1304.90,4276.21,2971.94,1307.27,4279.21
RANGPUR DIVISION,13420.50,5884.76,19305.26,14216.07,6144.83,20360.90,13837.14,6030.77,19867.91,14605.88,6484.12,21090.00,14652.72,6555.64,21208.36,15923.74,6973.04,22896.79,15315.98,6833.83,22149.81,15817.86,7151.54,22969.40,15758.55,7200.44,22959.00,16169.05,7362.03,23531.08,16493.59,7596.40,24089.99,17482.70,8157.94,25640.64,17414.01,8288.10,25702.11,18324.88,8768.68,27093.57,18450.92,8846.71,27297.63,19627.47,9658.26,29285.73,20131.52,10044.32,30175.84,21342.01,11283.94,32625.95,21298.75,11276.91,32575.66,22808.48,12134.84,34943.32,22991.43,12435.43,35426.86,24683.21,12932.07,37615.28,24760.42,12726.57,37486.99,25804.16,13280.86,39085.01,25709.67,13224.16,38933.83
DINAJPUR,3588.02,1045.66,4633.68,4064.61,1118.26,5182.87,3898.71,1104.96,5003.67,4120.20,1215.94,5336.15,3992.63,1210.31,5202.94,4381.69,1321.79,5703.48,4125.09,1297.85,5422.95,4313.30,1369.87,5683.17,4177.61,1359.07,5536.69,4442.39,1397.76,5840.15,4408.91,1425.34,5834.25,4805.10,1569.32,6374.43,4573.34,1565.44,6138.77,5032.92,1666.60,6699.52,4966.52,1664.07,6630.59,5374.93,1880.86,7255.79,5133.34,1926.38,7059.72,5880.24,2094.29,7974.53,5701.51,2060.55,7762.06,6151.23,2229.71,8380.94,5916.36,2236.05,8152.41,6787.37,2374.53,9161.90,6642.02,2283.54,8925.57,7054.81,2412.45,9467.26,6569.73,2306.58,8876.31
GAIBANDAH,964.92,907.72,1872.65,986.84,928.05,1914.89,954.88,924.44,1879.32,1012.24,980.40,1992.64,1048.42,1013.76,2062.18,1112.71,1063.91,2176.62,1072.30,1040.04,2112.34,1126.50,1114.29,2240.80,1118.92,1113.55,2232.47,1150.43,1120.98,2271.41,1186.60,1114.10,2300.70,1260.78,1269.74,2530.52,1299.67,1278.33,2578.00,1325.83,1373.92,2699.75,1334.48,1437.81,2772.29,1453.31,1612.57,3065.88,1477.32,1740.52,3217.84,1509.07,1990.58,3499.65,1516.96,2019.13,3536.09,1600.03,2164.78,3764.81,1665.64,2240.97,3906.60,1734.02,2291.85,4025.87,1759.97,2302.25,4062.23,1841.71,2381.11,4222.82,1865.21,2384.65,4249.86
KURIGRAM,621.58,467.56,1089.14,636.24,488.50,1124.74,623.08,486.39,1109.47,691.54,509.53,1201.07,731.60,517.62,1249.22,813.53,536.62,1350.15,776.72,530.20,1306.92,806.27,538.68,1344.95,810.71,548.71,1359.43,812.76,554.62,1367.37,920.81,623.44,1544.24,903.56,593.62,1497.17,957.98,614.14,1572.12,1006.75,660.72,1667.47,1123.06,691.69,1814.75,1136.18,693.01,1829.19,1207.81,706.81,1914.62,1068.02,1027.44,2095.46,1090.37,1036.76,2127.13,1232.32,1143.38,2375.71,1269.83,1174.22,2444.05,1325.99,1231.23,2557.22,1351.76,1232.52,2584.28,1416.78,1286.92,2703.70,1435.12,1296.98,2732.10
LALMONIRHAT,441.15,473.53,914.68,448.19,489.68,937.86,442.94,495.58,938.52,459.35,531.35,990.70,482.47,554.42,1036.89,515.06,580.53,1095.59,488.39,582.72,1071.10,490.64,604.13,1094.77,509.34,609.51,1118.85,505.01,609.81,1114.82,547.02,633.19,1180.21,567.45,679.19,1246.64,582.12,719.98,1302.09,608.43,745.83,1354.27,621.25,772.60,1393.85,657.22,817.53,1474.75,706.57,839.67,1546.24,758.64,908.23,1666.87,761.54,910.97,1672.51,848.30,981.72,1830.02,893.05,1015.00,1908.05,925.48,1045.17,1970.65,911.26,1045.50,1956.76,961.66,1094.03,2055.69,988.76,1103.16,2091.92
NILPHAMARI,2057.49,808.32,2865.82,2125.22,834.07,2959.29,2143.81,825.12,2968.93,2281.78,884.78,3166.57,2277.01,886.59,3163.60,2399.73,916.82,3316.55,2354.56,906.33,3260.89,2406.16,932.22,3338.38,2396.33,946.08,3342.41,2424.63,992.34,3416.97,2431.61,1027.06,3458.67,2617.44,1078.21,3695.65,2607.37,1096.38,3703.75,2749.55,1144.73,3894.27,2703.80,1145.30,3849.09,2813.47,1211.34,4024.81,2957.19,1245.00,4202.19,3153.87,1377.90,4531.77,3196.71,1399.29,4596.00,3373.43,1447.91,4821.34,3430.13,1492.67,4922.80,3572.76,1549.27,5122.03,3621.91,1531.14,5153.05,3759.94,1566.32,5326.26,3854.49,1591.70,5446.19
PANCHAGARH,541.34,439.91,981.24,590.46,459.86,1050.31,595.62,454.66,1050.28,640.63,482.23,1122.86,663.52,479.98,1143.50,708.21,520.93,1229.14,686.14,497.53,1183.67,718.53,525.58,1244.11,723.42,520.60,1244.02,730.25,539.51,1269.76,785.15,549.52,1334.67,826.79,585.72,1412.51,850.21,609.29,1459.49,883.59,655.05,1538.64,896.25,648.09,1544.34,961.95,745.69,1707.64,1014.55,812.07,1826.62,1002.92,969.67,1972.58,1029.39,978.00,2007.39,1095.34,1053.29,2148.63,1116.36,1095.53,2211.88,1200.45,1149.92,2350.37,1208.06,1101.53,2309.59,1259.23,1158.08,2417.32,1277.28,1176.12,2453.40
RANGPUR,4181.82,1183.76,5365.58,4250.37,1240.73,5491.09,4156.12,1170.92,5327.05,4334.48,1242.00,5576.48,4348.59,1249.83,5598.42,4729.47,1353.00,6082.47,4697.42,1319.58,6017.00,4770.44,1373.93,6144.37,4847.84,1392.77,6240.60,4884.63,1403.64,6288.27,4954.47,1456.57,6411.04,5192.62,1555.76,6748.38,5274.35,1562.87,6837.22,5399.73,1625.60,7025.33,5547.20,1623.44,7170.64,5833.98,1742.97,7576.94,6129.76,1770.83,7900.59,6090.65,2081.77,8172.42,6148.64,2054.47,8203.12,6500.47,2219.98,8720.45,6651.51,2258.06,8909.57,6869.27,2293.04,9162.31,7056.18,2277.59,9333.78,7182.46,2382.96,9565.42,7347.15,2373.48,9720.63
THAKURGAON,1024.17,558.30,1582.47,1114.15,585.69,1699.85,1021.99,568.69,1590.67,1065.66,637.88,1703.53,1108.47,643.13,1751.60,1263.34,679.44,1942.79,1115.36,659.58,1774.94,1186.01,692.84,1878.85,1174.38,710.15,1884.53,1218.96,743.35,1962.32,1259.03,767.18,2026.21,1308.96,826.38,2135.34,1268.99,841.68,2110.67,1318.09,896.23,2214.32,1258.36,863.72,2122.08,1396.42,954.30,2350.73,1504.98,1003.04,2508.02,1878.59,834.08,2712.67,1853.62,817.74,2671.36,2007.36,894.07,2901.43,2048.54,922.94,2971.49,2267.87,997.05,3264.92,2209.25,952.48,3161.73,2327.55,998.99,3326.54,2371.94,991.48,3363.42
SYLHET DIVISION,7189.31,2936.68,10125.99,7439.86,3181.75,10621.61,7282.32,3033.82,10316.14,7592.21,3154.31,10746.52,7594.18,3162.73,10756.91,7833.14,3327.15,11160.30,7787.58,3241.19,11028.78,8054.33,3363.90,11418.23,7832.81,3383.53,11216.34,7799.31,3493.62,11292.94,8065.64,3536.48,11602.12,8760.20,3912.02,12672.22,8583.40,3876.11,12459.51,8962.14,4034.11,12996.25,9307.49,4156.79,13464.29,10188.04,4764.81,14952.84,10017.10,4646.95,14664.05,11307.64,4570.62,15878.26,11093.78,4637.58,15731.36,11791.05,4887.19,16678.24,11591.00,4961.56,16552.56,12359.99,5232.99,17592.98,13198.23,5877.14,19075.37,13974.52,6066.00,20040.53,13628.33,6058.79,19687.12
HABIGANJ,867.27,403.29,1270.56,903.11,428.27,1331.38,888.54,427.65,1316.19,908.63,435.32,1343.95,921.48,464.51,1386.00,984.17,487.27,1471.44,957.19,474.08,1431.27,995.46,477.93,1473.39,985.63,504.30,1489.93,1005.15,524.89,1530.04,1018.07,571.40,1589.46,1069.42,619.82,1689.24,1064.95,641.50,1706.45,1124.15,674.94,1799.08,1212.76,698.27,1911.03,1261.80,752.90,2014.70,1270.11,800.10,2070.21,1526.30,767.64,2293.94,1557.64,766.64,2324.29,1621.92,785.41,2407.34,1669.79,802.86,2472.65,1764.63,839.43,2604.06,1815.88,925.73,2741.61,1869.17,889.82,2758.99,1930.29,925.50,2855.78
MOULVIBAZAR,1137.62,550.49,1688.10,1183.64,558.53,1742.18,1158.22,579.96,1738.18,1190.22,584.95,1775.17,1199.85,596.54,1796.38,1250.62,602.72,1853.34,1227.64,584.86,1812.51,1276.13,617.49,1893.63,1263.97,621.61,1885.58,1250.51,622.31,1872.82,1294.30,659.84,1954.14,1376.66,715.34,2092.00,1386.55,725.11,2111.65,1409.30,754.89,2164.19,1435.90,797.36,2233.26,1575.46,867.86,2443.32,1571.85,879.28,2451.13,1742.54,912.45,2654.99,1726.69,909.25,2635.94,1863.32,973.47,2836.80,1837.42,983.57,2820.98,1934.61,1062.50,2997.11,2001.67,1167.71,3169.38,2119.50,1271.74,3391.24,2109.22,1295.21,3404.43
SUNAMGANJ,570.35,431.65,1002.00,621.10,452.13,1073.23,569.14,473.20,1042.35,565.30,484.70,1050.00,565.92,485.86,1051.78,614.30,518.23,1132.53,626.11,524.80,1150.91,638.65,563.14,1201.79,610.48,559.42,1169.90,598.58,661.22,1259.80,595.28,581.34,1176.62,658.96,636.36,1295.32,662.60,636.21,1298.80,676.95,666.79,1343.74,696.35,670.32,1366.67,794.43,865.63,1660.05,802.17,748.81,1550.98,874.55,780.61,1655.16,909.42,821.81,1731.23,963.42,876.02,1839.43,963.55,912.74,1876.30,1032.18,952.33,1984.51,1083.39,1073.33,2156.73,1131.99,1077.03,2209.02,1167.90,1103.58,2271.48
SYLHET,4614.08,1551.24,6165.32,4732.01,1742.82,6474.83,4666.42,1553.00,6219.42,4928.06,1649.34,6577.40,4906.92,1615.83,6522.75,4984.06,1718.93,6702.99,4976.64,1657.45,6634.09,5144.08,1705.34,6849.43,4972.72,1698.21,6670.93,4945.08,1685.20,6630.28,5157.99,1723.90,6881.90,5655.16,1940.51,7595.67,5469.30,1873.29,7342.59,5751.73,1937.50,7689.23,5962.48,1990.85,7953.33,6556.35,2278.42,8834.77,6372.97,2218.75,8591.72,7164.25,2109.92,9274.17,6900.03,2139.88,9039.91,7342.39,2252.29,9594.67,7120.24,2262.38,9382.62,7628.57,2378.74,10007.31,8297.29,2710.37,11007.66,8853.86,2827.41,11681.28,8420.93,2734.50,11155.43
Grand Total,729089.85,81942.84,811032.69,760637.66,86377.80,847015.46,770157.18,88845.97,859003.15,808656.47,94121.05,902777.52,829429.49,94333.10,923762.58,853371.51,98076.16,951447.68,863952.36,97054.81,961007.17,900148.75,103399.96,1003548.71,914107.59,107001.93,1021109.53,940234.98,108453.46,1048688.44,952696.50,110027.68,1062724.18,977744.23,118564.60,1096308.83,990038.76,121901.27,1111940.03,1014714.85,124130.65,1138845.50,1031484.76,126481.68,1157966.44,1074931.91,135657.15,1210589.06,1097386.00,139261.66,1236647.65,1194242.38,104416.95,1298659.33,1228565.56,104340.05,1332905.62,1277507.55,110195.99,1387703.54,1293139.41,111944.94,1405084.35,1329470.03,116602.73,1446072.76,1353290.95,119835.78,1473126.73,1414577.14,123765.77,1538342.91,1436587.94,124639.38,1561227.32
Note: *=Provisional,,,,,,,,,,,,,,,,,,,,,,,,,,,,,,,,,,,,,,,,,,,,,,,,,,,,,,,,,,,,,,,,,,,,,,,,,,,
"Source: Statistics Department, Bangladesh Bank.",,,,,,,,,,,,,,,,,,,,,,,,,,,,,,,,,,,,,,,,,,,,,,,,,,,,,,,,,,,,,,,,,,,,,,,,,,,
,,,,,,,,,,,,,,,,,,,,,,,,,,,,,,,,,,,,,,,,,,,,,,,,,,,,,,,,,,,,,,,,,,,,,,,,,,,
